MB_IPB_VehLongAccel,MB_IPB_VehLateralAccel,MB_IPB_YAWRate,Monr_AI_f32_SteerAgFA_rad,Monr_AI_f32_RoadSteerAgRA_rad,Monr_AI_f32_VehSpdLgtEstim_mps,Monr_AI_b_ABSActv_flg,Monr_AI_b_TCSActv_flg,Monr_AI_b_VDCActv_flg,VelForward
1.6767,-2.8727,-0.4494,0.0319,-0.0552,14.9785,0,0,0,11.5798
-1.3579,-1.9414,0.0067,-0.2517,-0.1119,14.8893,0,1,0,6.9289
-0.2177,-2.7825,-0.4919,0.2872,0.1638,25.5189,1,0,0,18.0415
1.8481,0.1313,-0.3763,-0.6419,-0.2630,27.1601,0,1,0,25.5020
2.2385,-0.9234,-0.4211,-0.6631,-0.3219,34.7024,0,0,0,31.3797
-0.9728,1.1852,-0.4276,-0.6377,-0.2023,24.6047,1,0,0,17.4354
-1.4709,-3.8940,-0.1618,-0.3256,-0.2002,32.2906,1,0,1,16.3393
0.0743,0.1080,-0.0005,-0.6875,-0.1748,5.4901,1,1,0,1.7963
3.3946,3.4318,-0.0466,-0.1745,-0.0378,6.6889,0,0,0,10.1148
0.7266,-0.7944,-0.2432,0.5702,0.2169,32.9340,1,0,0,28.4939
1.9749,-2.7011,-0.4762,-0.0670,-0.0568,34.4922,0,0,0,29.1715
0.5899,3.8962,0.3195,0.2409,0.1273,16.0000,0,0,0,6.5657
-0.5821,3.4325,-0.5674,-0.3924,-0.1842,6.4623,0,0,0,0.2993
3.9544,-3.0289,-0.4727,-0.2502,-0.1228,33.5438,0,1,1,28.1366
3.2713,-2.0954,0.5115,0.4834,0.1251,25.7231,0,0,0,26.2864
-1.7187,-3.7633,-0.3230,0.6068,0.3099,34.7022,0,0,0,27.9075
0.9199,0.4497,0.2550,-0.5293,-0.1656,19.8749,0,0,0,19.2296
0.2455,0.3441,0.5373,0.4345,0.0777,9.0787,1,0,0,3.5853
-0.1720,0.7264,-0.1200,-0.5251,-0.1016,41.6282,0,0,0,37.4525
1.3115,3.5395,0.3868,0.3462,0.0773,17.9080,0,0,0,10.3015
1.6509,-2.4835,-0.2674,-0.3801,-0.0663,29.3210,0,0,0,23.9531
2.4516,3.6269,0.5317,-0.0467,0.0618,41.8293,0,0,0,36.3376
0.5063,1.6664,-0.4668,0.4284,0.1195,24.8062,0,0,0,17.8480
1.0722,-2.4116,0.5217,-0.6268,-0.3082,13.1488,0,0,0,4.2493
3.1744,-0.2397,-0.1590,-0.0647,0.0300,30.1775,0,0,0,31.9204
-1.7155,3.5045,0.1117,0.1580,0.0327,41.3327,1,0,0,27.1844
3.4354,3.0513,0.4688,-0.6769,-0.2772,27.0492,1,0,0,28.5388
1.5887,3.8773,-0.2446,0.6168,0.2663,6.1730,0,0,1,-3.9370
0.6531,-1.0803,-0.1873,-0.3941,-0.1169,29.4597,0,0,0,24.3036
-2.0486,2.7404,-0.2510,0.6705,0.2049,5.0248,0,0,0,-8.5016
1.5076,-3.1317,0.5338,-0.4477,-0.1255,12.5559,0,0,0,4.0230
1.3072,-0.6297,-0.0858,-0.4265,-0.0912,26.0667,0,0,0,24.7300
3.8232,1.5737,-0.3293,-0.2641,-0.0843,35.8931,0,0,0,37.5966
0.1606,3.9185,0.0022,0.5032,0.0844,20.7068,0,0,0,10.1338
-2.9873,3.6242,-0.0465,-0.2674,-0.0968,32.1558,0,1,0,21.6421
0.2418,3.2574,0.5276,0.0011,-0.0579,40.9949,0,0,0,31.9424
0.5354,-1.4032,-0.5241,-0.5473,-0.1106,28.7695,0,0,0,20.7035
-2.0604,-1.0089,-0.4687,-0.6929,-0.2119,5.8252,0,0,0,-3.4277
-0.2073,0.7861,-0.4454,0.4093,0.1009,25.6850,1,1,0,15.5987
0.7127,2.2938,0.0286,0.3079,0.1880,30.7339,0,0,0,25.7427
2.5660,2.7594,0.5298,0.4357,0.1850,8.3908,0,0,0,2.7373
1.9827,3.7305,0.3676,0.4397,0.1427,39.4582,0,0,0,29.4016
1.0273,3.3475,0.5017,-0.6162,-0.1463,18.2055,0,0,1,16.3172
-2.0767,3.0655,0.0149,0.6558,0.1356,26.0535,0,0,0,11.4642
2.2263,-3.0750,-0.4162,-0.0500,-0.0410,26.4348,0,0,0,22.8700
0.3703,0.9516,0.0380,-0.6386,-0.2668,38.3151,0,0,0,35.8047
-1.3258,-0.7347,0.3969,0.5211,0.0934,36.4881,0,0,0,29.5357
-1.2495,3.0247,-0.4305,0.1700,0.0822,22.4688,0,0,0,10.9306
-0.4303,-2.8777,-0.4638,-0.5469,-0.1926,24.4922,0,0,0,11.4795
1.3905,2.2004,-0.1761,0.4402,0.2461,17.8613,0,0,0,13.2192
-2.2291,-2.8600,0.5117,-0.1593,-0.0069,27.9286,0,0,0,14.8905
-2.2199,-0.2157,-0.3551,0.2544,0.1786,8.7576,0,0,0,1.8921
0.3395,3.8836,-0.4165,0.1813,0.0160,23.0513,0,0,0,12.9982
-1.7763,-0.1252,-0.5468,-0.5265,-0.2498,13.5351,0,0,0,6.3031
-2.7533,-0.4694,-0.5540,0.5058,0.0855,10.8585,0,0,0,2.3416
-2.6934,0.5083,0.4835,0.5147,0.0955,9.7381,0,0,0,-0.3459
-2.4503,-2.7926,-0.3013,-0.4832,-0.1394,28.8297,0,1,0,13.2516
3.1948,0.5388,-0.1724,-0.0179,-0.0049,6.3584,0,0,0,9.3701
3.3287,2.8266,-0.0475,0.4203,0.0934,28.2282,0,0,1,23.6930
-1.3549,3.3361,0.1244,-0.5661,-0.1357,38.6041,0,0,0,33.0577
2.0780,-0.0742,-0.4051,-0.4999,-0.0797,23.1053,0,0,0,21.6614
-1.7567,1.5840,0.2519,-0.6788,-0.2645,13.5578,0,0,0,7.8980
-2.6805,-1.9832,-0.5605,-0.0543,-0.0213,41.7826,0,0,0,28.0076
2.9031,-3.4917,-0.5050,-0.4597,-0.1843,20.7082,0,0,0,13.9618
-0.1715,-2.6735,0.3787,-0.6910,-0.1678,25.4069,0,0,0,13.5581
-1.6434,1.9500,0.5522,-0.4552,-0.1854,22.9864,0,0,0,14.0747
0.5896,3.5721,0.2888,0.3342,0.0565,9.3346,0,0,0,1.8443
0.7402,-1.0159,0.1497,-0.4644,-0.1358,38.4336,0,1,0,33.1659
2.3259,-0.9989,0.0363,-0.5770,-0.2162,8.7832,0,0,0,10.2227
3.6890,3.9173,0.1957,0.4421,0.1032,22.3872,0,1,0,16.9073
3.4273,1.3509,0.5476,0.3900,0.0470,36.1901,0,0,0,33.4118
-2.7421,-0.5493,-0.4676,0.2842,0.0490,10.2311,0,0,0,0.7984
-2.9249,1.7161,0.2837,0.3115,0.2083,25.6971,0,0,0,12.9857
0.1830,-1.1230,-0.3389,0.4686,0.0706,8.4953,0,0,1,5.0113
3.8637,-1.5086,-0.1643,-0.2633,-0.0176,24.9205,0,0,0,25.6502
-2.7109,2.1786,0.3199,0.2953,0.1524,12.7397,0,0,0,0.9940
-2.2241,-1.5193,0.4390,-0.1886,-0.1590,30.7344,0,0,0,18.7279
2.0323,1.3164,0.1412,0.2836,0.0228,31.5736,0,0,0,29.4698
1.6573,1.9994,-0.3113,0.4501,0.0845,30.9307,0,0,1,24.4399
-1.8834,-2.5211,0.5633,0.0379,0.0126,30.4766,0,0,0,18.2373
-0.8269,0.8296,-0.2517,-0.1219,-0.0655,19.3165,0,1,0,12.2765
2.9655,0.0643,-0.1389,-0.2657,-0.0245,18.7149,1,1,0,18.7573
-2.4106,1.6572,-0.3763,0.4763,0.2659,25.2932,0,1,0,11.7712
-1.2239,-1.1702,-0.4228,0.2156,0.0078,7.3417,0,0,0,1.7456
0.6941,0.2319,0.4958,-0.6398,-0.1285,29.7564,0,0,0,25.1688
1.2065,-0.7906,0.3205,0.5935,0.1300,27.9252,0,0,0,26.7588
1.7715,-3.4877,0.4300,-0.4950,-0.1148,23.9428,0,0,0,15.1062
3.3088,-2.0648,0.1303,-0.0382,0.0516,26.0980,0,0,0,26.4744
2.1342,-3.7132,-0.1124,-0.6023,-0.1416,37.3971,0,0,0,28.2138
1.5105,-3.9231,-0.1074,0.1178,-0.0435,22.6202,0,0,0,19.6450
-0.9622,-3.4376,0.0129,0.5644,0.1445,18.6428,0,0,1,15.0072
2.6654,-1.8093,0.1046,-0.5983,-0.2858,29.5401,0,0,0,27.4624
3.3832,-2.9069,-0.3748,0.1263,-0.0284,38.8827,0,1,0,35.9751
3.1917,-3.7825,0.4714,-0.1624,-0.1462,30.1996,0,0,0,25.0443
-2.5801,-1.6624,-0.4502,0.6809,0.2881,19.0801,0,0,0,10.9854
2.6420,3.0572,-0.0403,-0.2651,-0.0794,10.8703,0,0,0,12.8455
0.6936,2.1445,0.4776,0.3324,0.1507,34.7216,0,0,1,24.8850
-2.1554,-2.7644,0.5441,0.4385,0.2295,28.5478,1,0,0,17.8143
0.2847,-0.0521,0.0703,0.6523,0.2394,5.0905,0,0,0,5.4363
2.4638,0.8370,0.2843,-0.0111,0.0880,16.0933,0,0,0,17.3835
3.9270,-2.2464,-0.2178,-0.6848,-0.2777,29.7591,0,0,0,27.6927
-2.0010,1.4501,-0.5048,-0.6999,-0.1702,6.2986,0,0,0,0.2754
-1.4503,2.3900,-0.1366,-0.5312,-0.1510,24.6093,0,0,0,19.7693
-1.4218,0.9949,0.4640,0.5241,0.2388,14.5018,0,0,0,6.2989
-2.4844,3.2605,-0.4183,0.5176,0.2324,8.7726,0,0,0,-5.8672
-2.4229,-0.3027,-0.3536,0.2035,0.1203,12.2510,0,0,0,5.0733
-1.3620,-0.2610,0.3592,0.4799,0.2123,24.6971,0,0,0,18.3258
3.0143,1.2939,-0.2688,-0.3105,-0.0895,16.9256,0,0,0,19.0454
3.9349,1.4459,0.4117,0.6000,0.2111,34.0050,0,0,0,32.3625
-0.0807,3.8165,-0.3463,0.5072,0.2115,28.0386,0,0,0,14.3087
-0.8674,-1.4369,0.0161,0.6924,0.1555,20.9868,0,0,1,17.0477
0.8046,-1.4677,0.4001,0.3655,0.1886,26.0243,0,0,0,23.3967
-2.3047,0.4268,-0.5087,0.1925,0.0087,38.5209,0,0,0,28.3547
-1.5605,-1.2910,-0.1577,-0.5226,-0.2288,30.4724,0,0,0,20.5759
1.0396,-0.0649,-0.3702,0.2762,0.0051,8.8190,0,0,1,5.8218
3.8736,-2.1009,0.5657,-0.4349,-0.2245,33.5498,0,0,0,29.4345
3.7925,2.1804,-0.2175,-0.6155,-0.2702,12.7858,0,0,0,17.5191
-0.2982,2.2069,-0.5901,-0.3466,-0.1450,28.0829,0,0,0,20.5371
2.1697,-3.9996,-0.1746,-0.0115,-0.1025,41.7934,0,0,0,36.8288
-0.0180,-1.6689,-0.5273,0.2500,0.0104,35.5725,0,0,0,29.2362
-1.9322,-0.5050,0.5517,0.5970,0.2551,12.8312,0,0,0,5.2342
-0.2737,2.9243,-0.2631,0.2544,0.0781,41.8716,0,0,1,29.7611
2.8637,2.1496,0.2621,0.6598,0.2723,8.5941,0,0,0,5.8432
0.0401,-2.1544,0.4890,0.3608,0.2170,16.4627,1,0,0,10.6615
2.1739,1.1859,-0.1543,-0.0597,-0.0950,26.2972,1,0,0,23.8767
-0.2948,-1.2302,-0.5062,-0.4011,-0.0404,19.5860,0,0,0,12.1316
0.4358,3.1954,0.0972,-0.3767,-0.2125,11.0337,0,0,0,9.1560
3.5101,3.9205,-0.5212,-0.3477,-0.1180,12.1987,0,0,0,12.8074
-2.4124,-1.3093,-0.4842,0.6913,0.1801,8.3468,0,0,0,1.2755
1.0825,-3.5856,-0.3500,-0.5247,-0.2215,36.9089,1,0,0,24.4990
1.2170,-0.0993,0.1811,-0.5748,-0.2584,20.0628,0,0,0,19.8123
3.9056,-0.3413,-0.4236,-0.5973,-0.1986,10.8709,0,0,1,11.5388
-2.9562,-1.8876,0.3182,-0.4785,-0.1554,38.3719,0,0,0,24.1142
-2.1445,-1.9449,0.4806,0.5187,0.1903,27.6615,0,1,0,18.3573
2.6528,-1.3922,0.5989,0.6266,0.2360,9.7832,0,0,0,10.1942
-2.7424,-0.1596,-0.4800,-0.2071,0.0204,17.8584,0,0,0,8.0956
1.3028,-1.2797,0.4625,-0.6776,-0.1995,32.7259,0,0,0,26.9184
0.2833,2.3667,0.3690,-0.3551,-0.1841,30.8507,0,0,0,25.9874
3.8139,1.1735,-0.1592,0.3992,0.1681,29.4021,0,0,0,30.0735
3.1173,-2.4576,-0.0262,-0.0788,-0.0917,22.7651,0,0,0,23.7960
0.9830,1.0262,0.1267,0.1644,0.0949,14.1564,0,0,0,12.1546
-2.4863,3.2390,0.5012,-0.5681,-0.2263,41.7838,0,0,0,31.0853
1.0089,-3.9324,-0.1551,-0.2465,-0.1699,15.4974,0,0,1,7.5650
-1.3219,-1.7444,0.0698,0.3098,0.1816,18.1149,1,0,1,10.1877
3.7874,-1.5732,-0.1231,0.1698,-0.0142,41.8231,0,0,1,41.7048
0.4636,-1.2781,0.1309,-0.4012,-0.1842,26.3009,0,0,0,21.4664
3.4632,-1.5299,0.3439,-0.1156,-0.1315,35.0747,0,0,0,33.5596
3.4881,-2.2177,-0.5974,0.6619,0.1469,15.2355,0,0,0,17.1746
-2.9919,3.4692,-0.2609,0.4978,0.1220,39.1809,0,0,0,20.8226
-2.3866,2.0759,-0.3428,0.2624,0.0874,30.1129,0,0,0,17.5051
1.3561,-3.3705,-0.4135,-0.6107,-0.2568,15.3367,0,0,0,4.6411
3.6468,0.0640,-0.4922,-0.1080,-0.0559,42.6076,1,0,0,40.5885
-2.1698,-3.9837,0.3073,0.5928,0.2934,11.3604,1,0,0,4.2524
2.2681,1.0481,-0.3925,0.4916,0.1701,40.0538,0,0,0,36.9348
0.9300,-3.7081,-0.3509,-0.0998,-0.0638,27.0260,0,0,0,19.4468
1.4427,0.6862,0.3616,-0.0962,-0.0892,28.5700,0,0,0,25.5027
-1.1553,-3.8131,-0.4303,0.3103,0.0604,17.1040,0,0,0,9.6986
-1.5196,2.4595,-0.1681,-0.4033,-0.1244,8.1201,0,0,0,3.1618
0.4840,-2.2637,-0.5558,-0.6905,-0.1855,11.3387,0,0,0,2.3188
1.1991,0.3693,-0.4983,-0.0645,0.0181,25.4464,0,0,0,21.4893
-1.2879,-0.5523,0.4309,0.4071,0.0978,36.4351,0,0,0,27.9727
2.7808,3.9621,0.1970,0.3975,0.1630,6.7669,0,0,0,1.2585
0.4219,0.7472,0.1316,-0.6130,-0.1371,30.2822,0,0,0,27.3801
-1.6909,-1.5324,-0.4109,0.0431,-0.0638,7.5363,0,0,0,0.6233
3.5867,-2.0776,0.4730,-0.0153,-0.0965,27.9750,0,0,0,27.2444
0.8608,2.0837,0.0542,-0.5915,-0.1974,29.7452,0,0,0,29.4338
-2.2683,-1.4414,-0.5032,0.4225,0.2385,24.6602,0,0,0,15.5452
1.8199,1.9237,-0.1146,0.6821,0.1690,14.4449,0,0,1,8.9644
2.4835,-0.6248,-0.5141,0.4929,0.1713,21.2090,0,1,0,19.7766
-1.2819,0.4879,-0.1890,-0.5337,-0.1170,28.6033,0,1,0,21.9051
2.3688,1.9882,0.1470,-0.3055,-0.0133,35.8211,0,0,0,35.2876
3.6634,1.6057,0.3350,0.1693,0.1249,30.9398,0,0,0,30.6721
2.2787,2.0603,-0.4190,-0.3864,-0.1738,9.8478,0,0,0,10.3404
-2.3777,0.8552,0.1014,-0.0130,-0.0014,6.3237,0,0,0,0.3084
-2.5059,-2.3573,-0.4154,0.2561,0.0901,25.6998,0,0,0,14.9628
-0.3899,3.4484,0.3418,-0.6864,-0.1857,5.3584,0,0,0,4.6101
-0.1082,-3.4384,-0.0963,-0.1454,-0.1087,18.1106,0,0,1,10.0766
3.1824,-0.3322,-0.1863,0.1742,0.0521,25.8529,0,0,0,28.5885
-0.5794,1.4112,0.5940,0.6605,0.1626,10.9981,0,0,0,1.7321
0.0602,-0.7925,0.3783,-0.6394,-0.2698,5.0147,0,0,0,-0.1842
-0.0003,-0.0536,0.1395,-0.0034,-0.0445,39.7474,0,0,0,35.2290
-0.1599,-2.9623,0.2123,-0.4032,-0.1422,32.9954,1,0,0,20.3533
0.6604,0.3312,0.0848,0.1387,0.0197,23.3264,0,0,0,21.5944
2.3422,2.7684,0.5950,0.0898,-0.0018,37.3949,1,0,0,29.3963
1.0005,1.2939,-0.5749,-0.0089,-0.0830,16.6832,0,0,0,12.3579
3.4762,-1.2992,0.0225,-0.1131,-0.0127,38.7107,0,1,0,39.3360
-1.1016,-1.7205,0.3671,-0.5622,-0.2046,26.2676,0,0,0,15.9946
1.7363,0.6226,0.3113,0.6946,0.2394,37.7251,0,1,0,32.4193
2.3080,-3.6806,0.3034,0.4496,0.1634,21.1721,0,0,0,21.6503
3.5091,-3.6570,-0.1731,0.5427,0.2843,15.8894,0,0,1,19.4016
-1.7851,0.8893,0.2704,0.5688,0.2704,18.1990,0,0,0,10.1530
-0.4334,2.7648,0.0224,-0.5697,-0.2909,13.7887,0,0,0,11.7665
-1.3736,0.4584,-0.3801,-0.0964,0.0087,29.0821,0,0,1,19.8158
-2.9623,0.7839,-0.5468,0.6408,0.2993,10.5910,0,0,0,-1.4442
2.9320,2.4380,0.1666,-0.4812,-0.2524,8.2022,0,0,0,12.3426
2.2813,2.9684,-0.1749,0.6962,0.2054,28.4178,0,0,0,20.5336
-2.1230,1.6506,-0.0023,0.3401,0.1726,34.2093,0,0,0,25.1071
3.4166,1.4840,-0.5757,-0.1606,-0.1186,21.2486,0,1,0,20.2892
-2.2331,3.6749,-0.5678,-0.3022,-0.1177,10.1046,0,1,0,-0.9934
2.0344,-3.8364,0.1833,0.3382,0.0299,10.3617,0,0,0,10.6871
-1.0187,3.7058,-0.5465,0.6292,0.2850,7.6208,0,0,0,-7.1647
1.8843,-0.7920,0.5319,0.0920,-0.0451,11.3049,0,0,0,10.1180
0.6748,2.0329,0.4941,0.6431,0.1604,39.0560,1,0,0,26.4828
-2.1535,-3.8186,0.1663,-0.6449,-0.2567,10.5603,0,1,0,-6.5754
-1.0151,-1.8026,-0.3146,0.3757,0.1437,17.0913,1,1,0,9.5784
0.2314,-3.2581,0.1119,0.3566,0.1821,25.0991,1,1,0,20.0251
-2.7466,0.5765,0.1696,0.3674,0.1806,30.6531,0,0,0,21.8439
-1.2419,0.8163,0.3041,0.6036,0.1813,14.5111,0,0,0,7.7826
2.7334,3.5661,0.1806,-0.0897,-0.0143,6.0713,0,0,0,6.7728
-2.3362,2.6363,-0.2348,0.0462,-0.0168,32.0371,0,0,1,19.9849
0.8904,-2.6144,0.4397,0.2256,0.1071,37.6648,0,0,0,32.2137
-2.9115,3.2649,0.2242,0.5810,0.1250,8.4366,0,0,0,-6.5972
-1.2803,3.0287,0.1814,-0.1338,0.0276,21.0215,0,0,0,13.8093
1.3189,-3.6734,-0.4380,0.0175,-0.0334,29.5427,1,0,0,21.8000
1.8222,2.1386,-0.0250,0.3030,0.1668,12.0948,0,0,0,9.9408
2.5299,-0.5771,-0.2420,-0.3127,-0.0814,30.7329,0,0,0,29.8581
0.9331,-3.0488,-0.5206,0.3726,0.2143,41.9291,0,0,0,36.4434
-2.9224,3.4568,-0.1079,-0.0679,-0.1152,23.1773,0,0,0,12.4730
-1.0476,3.2672,0.3550,-0.2084,-0.0032,12.1865,0,0,0,5.4363
-2.1329,0.9389,-0.3594,0.1070,-0.0298,26.6590,0,0,0,17.7876
-0.1048,3.7471,0.3320,0.6469,0.1731,37.5993,1,0,0,20.3303
-1.0558,0.6979,0.4333,-0.5553,-0.1064,29.8322,0,0,0,23.4760
-1.3950,3.3178,-0.2376,0.6824,0.2066,19.9615,0,0,0,5.3015
2.4402,1.4915,-0.4349,0.3769,0.0863,16.8002,0,0,1,13.7346
-1.8007,3.1659,0.1496,0.2946,0.0726,25.3918,0,1,0,12.4173
-1.2719,3.8898,0.3545,-0.6063,-0.1917,23.9571,0,0,0,19.5490
-2.1159,-2.5267,0.0709,0.3651,0.1047,27.4695,0,1,0,19.5801
0.6525,-0.0851,0.1170,0.5976,0.2209,17.6746,0,0,0,17.2450
1.4621,1.0752,-0.3633,0.3884,0.0812,35.0559,0,1,0,29.8553
1.5093,-1.2605,-0.3475,-0.3115,-0.0361,42.5123,0,0,0,37.8238
-2.3911,1.3150,-0.2811,-0.6903,-0.1439,33.7854,0,0,0,25.4544
-1.5383,-3.4023,-0.4209,0.4498,0.0979,23.6925,0,0,0,16.5835
1.9020,-0.9680,0.5102,-0.6183,-0.1193,11.8150,0,0,1,7.5458
3.9780,-0.5904,-0.2809,0.5374,0.2311,41.9768,0,0,0,44.1554
-0.1846,-3.8200,0.0751,0.5570,0.2078,26.6400,0,0,1,23.1269
-2.9984,0.4405,-0.2051,0.3247,0.0248,31.9033,0,0,1,21.0903
0.3497,-3.4498,0.3672,0.6110,0.1682,34.7392,0,0,1,29.9169
-2.1371,2.3730,0.5912,-0.6073,-0.2742,30.7558,0,1,0,20.5148
3.9031,3.1194,-0.3060,0.2660,0.1074,21.7883,0,0,0,19.0229
-1.3630,-2.7101,-0.3976,0.6717,0.3331,17.6700,0,0,0,13.2558
2.3247,3.4224,-0.2606,0.4838,0.1192,12.7373,0,0,0,6.4060
3.2407,1.6955,0.2560,0.1481,0.1164,27.3670,0,0,0,27.5359
1.7984,-1.8014,-0.0751,-0.5612,-0.0973,41.5573,0,1,1,34.7843
0.2292,-2.4775,-0.1183,0.2975,0.1351,7.2179,0,0,0,5.1755
3.1560,2.6741,0.5923,-0.0701,-0.1014,24.8330,0,0,0,22.3239
0.5673,-3.1962,-0.2865,0.4138,0.0641,23.4623,0,0,0,20.2054
1.0298,0.3956,-0.3760,0.2552,0.1727,31.6460,0,1,0,27.3578
3.8705,-0.6049,0.2102,0.6959,0.3337,37.3464,0,0,0,40.3671
0.5987,-3.4800,0.4274,0.2448,0.0554,18.7120,0,0,0,13.4153
0.9757,-0.6124,0.0594,-0.4849,-0.1113,17.5392,0,0,0,16.0126
-1.5199,-0.4231,0.1348,-0.1510,-0.0689,8.2381,0,0,0,3.0078
-1.5678,0.0238,-0.3599,-0.1732,-0.0060,24.4061,0,0,0,17.5454
2.4048,1.6371,-0.1386,0.3938,0.0772,26.2062,0,0,0,24.4518
-1.5749,3.7594,-0.0549,0.0969,-0.0136,7.5455,0,0,0,-1.6110
3.5489,1.3197,0.3133,-0.1800,0.0299,7.4692,0,0,0,10.1490
1.4570,-2.9133,0.5731,0.6682,0.2623,24.2586,1,0,0,21.9479
-1.5280,3.2300,-0.5289,-0.3864,-0.2270,13.9179,1,0,1,3.7530
-2.5942,-2.1664,-0.2917,-0.6014,-0.1864,9.0716,0,1,0,-5.2733
-0.6572,1.6138,-0.4308,0.5928,0.3043,7.5741,0,0,0,-0.4624
-2.9693,0.9739,-0.2776,-0.1497,-0.1418,6.2086,0,0,0,-1.6519
-2.8861,0.7403,-0.5290,0.2442,0.0302,20.4854,0,0,0,9.2852
0.9425,-3.6041,-0.5828,-0.6108,-0.2084,24.3254,0,0,0,12.0889
-1.3036,0.5737,0.2446,-0.1979,-0.0289,21.5771,0,0,1,14.5201
0.5098,-0.7479,0.2197,-0.5788,-0.2795,33.2013,0,0,0,28.4058
-1.6785,-3.3187,-0.4559,-0.1513,-0.1145,41.2864,0,0,0,27.4420
-1.1167,-0.2402,-0.2433,-0.2010,-0.0728,21.8933,0,0,0,16.7513
0.1287,-3.8788,0.4677,0.3757,0.0382,10.9546,0,0,0,7.1901
3.0619,-1.6301,-0.0770,0.2285,0.1370,10.9729,0,0,0,14.6404
2.8020,2.0448,0.5975,-0.0379,-0.0494,6.1941,0,0,0,5.3673
2.9740,3.5363,-0.0075,0.5778,0.1281,11.5978,0,0,0,6.4416
1.1194,1.4371,-0.2920,-0.5868,-0.1697,41.9666,1,0,0,37.4441
3.9507,0.6142,0.0410,-0.3837,-0.0426,31.2715,1,0,0,33.1287
-2.6682,-3.6817,-0.2054,-0.3117,-0.0228,40.1098,0,0,0,24.2398
3.7325,-3.2012,0.5445,-0.5168,-0.2492,10.6700,0,0,0,5.5314
3.9809,-0.1974,0.3060,-0.3242,-0.0779,15.5129,0,0,0,19.1319
-1.9055,2.2285,0.4835,-0.2017,0.0270,25.8504,0,0,0,16.4861
-1.8077,0.0882,-0.4796,0.6446,0.1993,38.9377,0,0,1,28.6529
-1.6529,-3.1979,0.1468,-0.5570,-0.2940,26.7391,0,1,0,12.0987
0.6122,0.2772,0.0826,-0.5666,-0.2073,11.9623,0,0,0,11.8591
2.5886,0.1568,0.3212,-0.6441,-0.2902,23.4773,0,0,0,24.8568
1.5753,-3.9627,-0.3598,-0.4969,-0.2247,7.1318,0,0,0,-1.9808
-1.1526,-1.6762,-0.1442,-0.0079,-0.0551,29.1561,0,1,0,20.4051
1.8732,-3.7979,-0.2874,-0.0588,-0.1184,30.5680,0,0,0,25.0862
-1.6201,-0.0784,-0.4073,0.4405,0.0544,24.4321,0,0,0,16.9523
-2.8110,-0.8311,-0.3038,0.3174,0.0802,24.3004,0,0,0,15.2581
0.8085,-1.0409,-0.2532,0.3000,0.0227,28.8772,0,0,0,26.2243
2.0648,0.5904,0.4501,0.4650,0.1065,34.4010,0,0,0,31.7201
-0.8915,0.1474,-0.4133,-0.5504,-0.2609,16.4022,0,0,1,9.7430
0.7318,-3.5264,0.3372,-0.1609,0.0386,36.4349,0,0,0,27.3702
2.3703,0.7384,-0.2526,-0.3130,-0.0745,22.2218,0,0,0,23.0525
-0.3537,0.5957,0.3364,-0.5960,-0.2607,5.9743,0,0,0,3.4998
2.9496,-2.3164,0.1558,0.1839,-0.0277,30.2448,0,0,0,30.5006
1.0076,1.4682,0.4072,-0.5319,-0.0942,31.9391,0,0,0,29.3423
2.4531,-1.0902,-0.5689,0.0564,-0.0553,41.4288,0,0,0,38.7835
1.2907,-3.8475,0.4686,0.6123,0.2189,26.1559,0,0,0,24.2137
1.6226,-3.7519,0.0686,-0.5374,-0.0882,31.3913,0,0,1,21.1720
2.5769,-1.3191,0.3006,0.4907,0.0737,23.4766,0,1,0,22.7660
-0.3018,-3.3106,-0.1867,0.5718,0.2559,26.0312,0,0,0,23.0321
2.2255,0.5666,0.1711,-0.1109,-0.1298,33.4241,0,0,0,33.1451
-1.4354,0.9488,0.1107,0.1610,-0.0132,15.5577,0,1,0,7.8135
-0.3948,2.9829,-0.4180,-0.4826,-0.1438,26.8195,0,0,0,21.5423
3.3106,2.6654,-0.5241,0.2956,0.1603,13.5828,0,0,0,10.1063
1.7580,-1.8013,0.0585,-0.5934,-0.1362,34.1408,0,0,0,29.6774
-1.0059,2.0239,0.5691,0.0843,-0.0643,38.1980,0,0,0,27.2346
-2.5700,-2.7382,0.0867,-0.5673,-0.1928,19.8327,0,0,0,7.0421
1.0974,3.5113,-0.3188,0.2326,0.0528,8.6989,0,1,0,1.7163
-2.4379,3.6573,0.4713,0.4712,0.0972,10.6439,0,0,0,-4.9258
2.6466,-2.3586,0.0411,-0.2311,-0.1408,24.8353,0,0,0,23.4112
-1.5191,0.9024,0.4781,0.4614,0.2446,18.1464,0,0,0,9.7935
0.8466,-1.2504,-0.3723,0.6116,0.1922,8.9624,0,0,0,7.8041
0.7196,-3.5822,-0.3588,0.5888,0.1300,19.4462,0,0,0,18.6904
-0.2366,2.9611,0.0339,0.4622,0.1912,22.7649,1,1,0,11.5769
1.4093,0.4074,-0.2400,0.3450,0.0929,22.5924,1,0,0,18.8495
-1.2012,3.7350,0.0244,-0.4663,-0.0760,11.0545,0,0,0,7.9891
3.5890,0.9536,0.4104,-0.1848,-0.0569,30.8167,0,0,0,32.3998
-2.6812,-2.3853,0.3776,-0.5342,-0.1369,42.2570,0,0,0,26.3536
-0.4468,2.4585,0.5459,-0.1818,-0.0480,21.2601,0,0,0,13.8284
-2.6104,-3.3532,-0.1759,-0.1601,0.0188,5.4063,0,0,0,-5.4665
1.5323,1.2467,-0.2311,-0.6697,-0.3243,7.0952,0,0,0,9.2607
-0.1503,3.6585,-0.0981,-0.6260,-0.2850,10.0907,0,0,0,9.2741
-0.6926,-0.3663,-0.0415,0.4232,0.2216,41.6585,0,0,0,37.1830
-1.0993,2.5617,-0.3036,0.5294,0.0872,31.9381,0,0,0,19.5467
-1.0701,3.5822,0.5337,0.6140,0.1310,8.7372,0,0,0,-5.9255
-0.5754,-2.1036,-0.4294,-0.5649,-0.2273,12.3441,0,0,0,1.9157
-1.5528,1.7855,-0.4110,0.2475,0.1234,27.3015,0,0,1,15.4705
1.4386,1.8486,-0.4175,-0.3264,-0.0472,19.5103,0,0,0,17.8788
-0.8855,0.3823,-0.3432,0.0063,-0.0191,6.3101,0,0,0,2.2317
0.6295,3.9576,0.3346,-0.3721,-0.1670,25.9953,0,0,0,22.2122
-0.2839,-3.0195,-0.2914,0.3546,0.0453,28.3813,0,0,0,23.8515
1.7866,1.3082,0.3402,-0.1603,0.0006,30.0400,0,0,0,28.1153
3.3619,0.4787,-0.5834,-0.3818,-0.0450,29.2968,0,0,0,29.0685
1.1411,-2.0679,-0.2732,-0.3807,-0.1571,11.8213,0,0,0,7.5710
3.6463,2.4217,0.4672,0.0787,-0.0460,37.4888,0,0,0,35.3803
-2.6966,-2.9018,0.5814,0.1469,0.0684,36.4708,0,1,0,21.8882
1.6415,-2.6628,0.5097,0.6697,0.2101,21.8071,0,0,1,20.1763
-0.4217,-3.6127,-0.2948,0.0075,0.0426,9.0326,0,0,1,-0.0853
-0.0029,0.4709,-0.0393,-0.2894,-0.1534,22.2635,0,0,0,20.1348
-2.5046,-1.9141,0.1809,0.6050,0.1348,34.7281,0,0,0,27.3342
0.2465,1.2465,-0.1335,0.4852,0.1276,42.8072,0,0,0,36.1687
-1.8965,1.2091,0.5219,0.3104,0.0163,8.9602,0,0,0,0.1462
-1.7028,1.7902,0.4947,-0.0673,-0.0169,9.0886,0,0,0,1.3169
-1.4029,2.0765,-0.2642,-0.1331,-0.0217,34.3494,0,0,1,24.1617
0.9997,2.2225,0.3151,-0.4697,-0.1854,20.9462,0,0,0,18.4573
-2.4231,-2.0283,-0.3935,-0.3449,-0.1198,33.1207,0,0,0,19.3285
1.1808,0.4858,-0.4934,0.6819,0.1888,20.1271,0,0,1,14.6778
3.5386,-3.3662,0.1527,-0.0080,-0.0322,20.4852,0,0,1,18.6145
2.4725,-0.2508,-0.0860,-0.1686,0.0081,42.3047,0,1,0,41.9927
-2.7987,-2.1335,-0.2311,0.4520,0.1877,5.4047,0,0,0,-0.6891
-2.6617,2.3662,0.3981,0.1790,-0.0220,5.1213,0,0,0,-6.7321
2.4516,3.9671,0.4559,-0.4205,-0.1673,9.8873,0,0,0,10.0438
2.6743,-1.2394,0.1558,-0.4021,-0.1933,31.6297,0,0,0,30.1661
2.0295,-2.5142,0.4005,-0.6161,-0.3026,42.4682,0,0,0,34.3687
-0.4628,3.2774,-0.4495,0.4241,0.0696,6.2491,0,0,0,-4.6923
3.1479,3.8385,0.1486,0.2032,0.0084,31.7236,0,0,0,27.6681
-1.3803,2.5192,0.3969,0.0822,0.0045,27.5370,0,0,0,17.0615
0.4422,-1.3448,-0.1125,-0.2527,-0.0072,39.2354,0,0,1,32.1498
-0.5681,1.3122,-0.1427,-0.2404,-0.0914,33.0698,0,0,0,27.6381
2.7406,-3.8570,-0.1082,0.5978,0.2294,25.8074,1,0,0,27.7381
3.0952,0.2667,0.5682,-0.6864,-0.3349,25.7623,0,0,0,25.6663
0.3849,-1.2880,0.0143,-0.4392,-0.2480,26.5595,0,0,1,21.1917
-2.7819,3.7878,0.5358,0.3811,0.1521,23.0068,0,0,0,5.0869
2.7543,1.2242,-0.1167,0.1323,0.0130,35.9350,0,0,0,36.2501
-1.8440,-1.9390,-0.0601,0.1234,0.1189,23.2812,0,0,0,15.4337
-2.2039,0.6114,-0.0338,0.3978,0.1355,39.0962,0,0,0,30.6271
1.3701,-3.2457,0.1027,-0.1681,-0.0662,36.5603,0,0,0,30.1487
3.1377,-3.5003,-0.3587,-0.4517,-0.1631,34.3942,0,0,0,26.8736
3.7752,1.5885,0.0968,0.2594,0.0398,14.3332,0,0,1,15.2626
-1.4094,-0.0855,0.5463,0.3476,0.0803,7.6923,0,1,0,-0.5834
0.8137,0.7089,-0.1550,0.2578,0.0216,6.9480,0,0,0,6.0407
-0.3840,-2.1721,-0.2310,-0.2748,-0.0791,40.1782,0,0,0,30.6135
1.5452,-1.4585,0.3651,-0.1171,0.0565,19.7250,0,0,0,16.5701
-2.2897,-0.3717,-0.3197,0.4841,0.1829,19.4121,0,0,0,11.3528
3.0920,3.0943,-0.2288,-0.1327,-0.1339,42.9520,0,0,0,41.0786
0.9009,2.1742,0.5223,0.5698,0.1791,13.6305,0,0,0,6.0941
3.6081,3.3802,-0.1077,0.5672,0.2198,39.9669,0,0,0,33.8274
1.1858,0.9361,-0.1540,0.6174,0.1856,33.9763,1,0,0,29.2333
-1.5601,-0.3538,-0.2523,0.0235,0.0776,17.5286,0,0,0,11.1797
1.1645,-1.0131,-0.3605,0.3633,0.0771,41.0148,0,0,0,36.8638
-2.9730,1.7605,0.4984,0.6400,0.2779,40.7298,0,0,0,24.7065
-1.4685,-0.9179,0.1208,0.2919,0.1149,23.5530,0,0,1,16.2771
-0.1870,1.3458,-0.5824,-0.1461,-0.0289,13.5350,0,0,0,7.4522
-0.9982,0.8330,0.1204,-0.4041,-0.0445,23.4540,0,0,0,19.6008
3.5070,0.1927,0.3206,0.4354,0.0767,12.9676,0,0,0,16.3244
-0.7952,0.6650,-0.1850,0.0309,0.0589,17.7540,0,0,0,13.0833
0.6600,2.3040,-0.2363,-0.4764,-0.1967,28.3573,0,0,0,25.2832
3.6347,-1.5984,-0.4247,-0.4875,-0.2012,38.3555,0,0,0,35.4956
0.1631,3.4105,-0.1007,0.6014,0.1274,31.7078,0,1,0,19.3246
2.4614,-3.8347,0.5837,-0.4166,-0.1691,10.3799,0,0,0,2.4371
-0.0270,-0.9326,0.3206,-0.5344,-0.1243,5.5612,0,0,0,1.5028
0.0420,0.0143,-0.3050,0.6227,0.1365,27.6684,0,0,1,22.5992
-0.5053,1.6537,0.5023,-0.5950,-0.2487,40.2318,0,0,0,33.1615
1.5975,-1.6511,0.2914,0.3736,0.2261,7.6011,0,0,1,5.7965
-1.1392,-3.4860,0.4840,0.1511,-0.0042,15.5796,0,1,1,4.8679
2.3875,2.7798,0.0390,0.4389,0.0838,32.2842,0,0,0,28.3975
1.9072,-0.0532,-0.0889,0.6571,0.1712,10.3564,0,0,0,11.6919
0.0615,-3.4068,-0.2907,-0.6931,-0.2663,16.1012,0,0,0,2.9960
-1.9337,-1.8234,0.4010,0.6734,0.2229,35.7539,0,0,0,27.5617
1.2250,-0.2637,-0.0274,-0.3791,-0.1589,34.3542,0,0,0,32.4337
0.6359,-1.6335,-0.5118,-0.5811,-0.2334,31.4285,0,0,0,23.4868
3.4025,-2.7656,0.3978,0.4220,0.1946,21.2999,0,0,0,22.9274
-0.3413,2.6377,0.4354,0.2934,0.0869,41.8719,0,1,0,29.6112
1.5765,2.9548,0.4904,0.4021,0.1407,37.5478,0,0,0,28.7223
-1.4630,-2.1310,-0.0033,0.3607,0.0951,22.0723,0,0,0,17.8579
-2.2068,-2.4525,-0.1192,-0.6927,-0.2037,31.2086,0,0,0,17.0567
-2.3107,0.4897,0.4698,0.4523,0.0992,6.7211,0,1,0,-2.3607
-1.3875,3.2796,0.3765,0.4101,0.0790,10.5551,0,0,0,-1.1265
-0.6566,3.3707,0.0403,0.2743,0.0952,22.4928,0,0,1,12.5385
-0.0353,2.6774,-0.4977,-0.3476,-0.0933,30.0174,0,0,0,23.5324
-1.5747,0.7301,-0.1512,0.1640,0.0993,12.7277,0,0,0,6.9533
-0.4995,-1.3772,0.5980,0.2692,0.0032,11.7309,1,0,0,4.4712
1.0360,-1.2620,0.5408,-0.0118,-0.0133,20.0359,0,0,0,15.6593
2.6287,1.2664,0.0627,-0.6063,-0.1586,33.2536,0,0,0,35.0664
-2.4357,2.8882,-0.5096,0.0647,0.0132,8.6356,0,0,0,-3.1790
1.4153,-2.8279,-0.1838,0.4319,0.1956,37.7320,0,0,0,35.6816
-0.3495,2.5416,-0.0519,-0.2670,-0.0448,31.5587,0,0,0,26.6080
1.4085,-3.1111,-0.3488,-0.6510,-0.1951,32.1910,0,0,1,20.2488
0.9155,-0.5458,-0.1740,0.2605,0.1688,29.9882,0,0,0,28.5847
-2.2796,1.3197,0.3043,0.2412,0.1671,14.9908,0,0,0,6.0536
-0.7596,3.2391,-0.0375,0.5681,0.2659,24.7466,0,0,0,12.4050
1.1610,-2.1108,0.4124,0.4261,0.2001,40.9809,0,0,0,36.4917
-0.2877,-3.7448,0.1040,-0.6755,-0.2968,41.6632,0,0,0,26.8398
-0.8211,0.0076,0.1219,-0.3013,-0.1978,29.8694,0,0,0,25.0572
2.0427,3.9968,0.1188,-0.2265,-0.1168,37.9373,0,0,0,36.3892
2.6016,1.0692,-0.1864,0.3040,0.0797,15.9498,0,0,0,16.8746
-1.8654,-0.7988,-0.3714,0.3414,0.1585,8.5520,0,0,0,1.4182
3.8866,-3.8920,0.5035,-0.6259,-0.2460,19.7389,0,0,0,11.7370
-1.9953,-0.7332,0.1433,-0.4837,-0.1492,30.7495,0,0,0,22.5809
-0.6466,0.0951,0.2900,0.6731,0.1768,17.1693,0,0,0,12.1840
-1.3748,-1.9007,-0.3800,0.4444,0.2521,34.8955,0,0,0,28.0517
2.9867,-3.4412,0.2951,-0.1735,-0.0154,33.6420,0,1,0,27.4656
3.5606,2.0017,0.1687,-0.6783,-0.1846,22.9326,0,0,0,26.8236
1.0516,0.6223,0.1265,-0.0190,-0.0868,38.4820,0,0,0,36.3833
3.7450,2.9157,0.0391,0.6155,0.2945,15.1214,0,0,0,12.8277
0.7768,2.1842,0.2543,0.1754,0.0177,23.3148,0,0,1,16.7176
0.6041,2.2017,-0.0658,-0.2706,-0.1147,15.5433,0,0,0,14.5534
0.7012,3.8295,0.4375,-0.2390,-0.1728,7.7648,0,0,0,3.7612
1.9418,3.2499,0.2217,-0.1483,-0.0508,35.6193,0,0,0,32.7040
-1.1850,-3.5429,0.2983,0.2245,0.0384,12.1580,0,0,0,5.4623
2.6136,0.0514,-0.4933,-0.1282,0.0399,26.3120,0,0,0,25.4449
-1.1497,3.3672,-0.5430,0.0781,0.0884,28.1281,0,1,0,15.2655
-0.1188,-0.1260,-0.5344,0.2231,0.0954,22.9211,0,0,1,16.8811
1.5741,3.9343,-0.4067,0.0038,0.0405,12.5827,0,0,0,8.3172
3.2813,-0.1343,-0.1092,0.6944,0.2137,17.8584,1,0,0,20.4613
-2.3144,-1.0542,-0.0904,0.6241,0.1596,17.0724,0,0,0,11.3414
-0.6849,1.6337,-0.1771,0.2877,0.1118,15.3568,0,0,0,9.0769
2.5389,2.5125,0.0970,0.4990,0.2140,40.2787,1,1,0,32.1686
0.2337,-3.7014,-0.1811,-0.2243,-0.0249,15.8383,0,0,0,7.6462
2.2344,-0.8972,-0.0549,-0.6747,-0.2133,12.3382,0,0,0,11.9328
1.0499,-0.2809,-0.2008,-0.3506,-0.0429,15.7876,0,0,0,14.3088
-1.3032,-0.8547,-0.4522,0.1038,0.1344,16.1494,0,1,0,7.6034
1.9382,0.3561,-0.3023,-0.0250,0.0628,20.3302,0,0,0,20.0143
2.5831,-1.0256,0.1416,-0.3838,-0.1004,42.8884,0,1,0,40.0592
0.4846,3.9906,0.5595,-0.6734,-0.3086,18.4752,0,0,1,14.9853
2.8656,-3.0544,0.3189,-0.4613,-0.1864,6.2939,0,0,0,2.2865
3.4687,-2.2026,-0.2090,0.3436,0.1163,38.0828,0,0,0,40.2084
1.1213,-1.9543,0.0863,-0.0647,0.0318,31.8522,0,0,0,28.3565
-2.0287,-0.1631,0.0419,0.5906,0.2398,30.8169,0,0,0,24.7168
2.4619,2.8327,0.2492,0.6229,0.2300,15.3786,0,0,0,9.3571
1.0559,-1.0611,0.5705,-0.6515,-0.1817,27.1247,0,0,0,20.8750
0.1905,3.9015,0.0048,0.5439,0.1618,21.8906,0,0,1,10.2493
-1.1479,-1.3781,-0.5442,-0.3229,-0.1704,32.9170,0,0,0,22.3670
-2.7646,-1.1405,0.2282,-0.5859,-0.1203,34.3130,0,0,0,21.6978
-2.0682,-1.6478,-0.5408,-0.4445,-0.2197,35.1179,0,0,0,21.1547
1.0835,-1.8477,-0.4307,0.3335,0.0168,14.5635,0,0,0,13.0064
-2.7605,3.3544,-0.0984,0.5585,0.2224,8.7371,0,0,0,-5.5705
3.5823,-2.4841,-0.3433,0.6948,0.2767,41.8811,0,0,1,42.9016
-0.3078,1.8308,-0.5532,0.3902,0.2197,34.0544,0,0,1,22.7037
0.1535,2.3845,0.2143,-0.4300,-0.2407,13.1249,0,0,0,10.2336
0.4656,3.4204,0.4253,-0.6966,-0.3088,19.9672,1,0,1,14.9596
3.8127,-0.3449,0.1396,-0.1380,-0.0258,16.6036,0,0,0,21.3993
3.1738,-1.2359,-0.1903,-0.2904,-0.1746,10.4062,0,1,0,10.7497
-2.3386,-2.9757,-0.2205,-0.6880,-0.1557,22.3679,0,1,0,5.7949
1.9664,-3.4272,0.4576,-0.6282,-0.1801,42.7572,0,0,0,31.5837
-0.6656,-2.1055,-0.3992,0.2486,0.0269,10.6835,0,0,0,4.4282
3.1805,-3.7279,-0.3627,0.1636,0.1443,37.1175,0,0,0,34.5088
0.0166,2.7502,-0.5574,-0.0546,-0.0870,35.7940,0,0,0,26.3772
3.7236,-2.1296,-0.0710,-0.4156,-0.2214,37.5916,0,0,0,36.8352
3.0961,-1.4996,-0.3970,0.0995,0.0626,30.6681,0,0,1,29.3803
2.9710,0.5922,0.3612,-0.1053,-0.0743,23.6093,0,0,0,24.2216
1.7977,-1.6314,0.5618,0.3163,0.0251,29.6670,0,0,0,25.9266
3.1916,0.0150,0.3581,0.2806,0.0551,9.4992,0,0,0,12.2854
3.5553,-2.4020,-0.3910,0.3360,0.0753,19.6862,0,1,0,20.5684
1.5945,-1.9652,-0.4538,-0.1114,-0.1209,26.8426,0,0,0,22.9395
-2.4240,3.0349,0.3214,-0.6465,-0.1324,18.3429,0,0,0,11.4656
2.7061,1.8949,0.4612,-0.6556,-0.2390,23.4543,0,0,0,24.8759
-1.4856,0.6170,-0.4748,0.5125,0.1636,28.9462,0,0,0,20.0056
2.4182,-2.1499,0.5587,0.4648,0.1433,7.1702,0,0,0,8.3303
1.2760,-1.3422,0.4512,0.2740,0.1590,39.9406,0,1,0,34.8088
0.1704,-3.0708,-0.5930,0.4384,0.2082,24.1961,0,0,0,18.6050
3.7977,-0.8186,-0.0115,-0.0976,-0.0501,27.1881,0,1,0,29.4200
-2.6240,3.8875,-0.0511,0.0002,-0.0850,38.5966,0,0,1,24.9043
-1.1787,-1.6810,-0.1081,-0.6923,-0.2909,29.9994,0,0,1,19.5232
-1.0257,0.2415,0.0229,-0.0955,0.0598,13.1009,0,0,0,9.4295
-1.9625,-1.4590,-0.0463,0.1018,0.0458,22.7454,0,0,0,16.4901
2.6280,-1.0682,0.4213,-0.5389,-0.2729,30.8867,0,0,0,28.4822
-0.4905,0.9506,0.5927,0.3234,0.0359,24.8942,0,1,0,16.1585
-2.7038,-1.9563,-0.4399,0.4468,0.1271,40.8172,0,0,0,30.4553
3.9941,1.7571,-0.1030,-0.4635,-0.2435,39.7913,0,0,0,42.8571
-1.4220,-1.1450,-0.2732,0.0176,0.0808,25.1167,0,0,0,16.9415
-2.9992,1.0644,0.5662,0.5272,0.2540,25.8442,0,1,0,10.7810
2.9692,-2.7955,-0.5635,-0.1632,-0.0044,29.2767,0,0,0,24.2443
2.9109,-3.4969,0.2073,-0.3515,-0.0958,31.0467,0,0,0,26.2805
1.3321,-3.2150,-0.1468,-0.1021,0.0222,18.9120,0,0,0,14.6646
1.7773,1.1777,0.1711,-0.3967,-0.1524,7.8449,0,0,0,8.7904
-0.7269,-0.0105,-0.4883,-0.3335,-0.1801,40.6146,0,0,0,32.5658
0.9580,0.8983,-0.4971,0.6121,0.2177,33.6754,0,0,0,27.2509
3.2375,1.3368,0.0039,-0.5711,-0.1968,12.4937,0,0,0,17.7586
-0.4871,-3.2468,0.4460,0.2969,0.1038,9.5673,1,0,0,2.9549
-0.1593,-3.8014,-0.2433,-0.4759,-0.0706,7.6668,0,0,0,-2.9328
-0.8861,1.7852,-0.2455,-0.2075,-0.1040,29.9900,0,1,0,23.1255
0.6183,0.0332,0.4876,0.2506,0.1482,22.9082,0,0,0,19.0419
2.2470,1.2557,-0.1689,0.3374,0.2164,37.9177,0,0,1,34.1293
1.4499,1.7198,0.3083,-0.5054,-0.2250,29.1619,0,0,0,28.3303
-2.1268,-3.9677,-0.1568,-0.3384,-0.1513,39.2630,0,0,0,23.7799
-0.6929,-2.4974,-0.2788,-0.2772,-0.0114,29.5110,0,0,0,19.7844
-0.9857,1.2182,0.4665,-0.2779,-0.1272,35.4732,0,0,0,27.0015
1.7075,-2.2348,-0.5944,0.1341,0.0014,33.3302,0,0,0,27.7760
2.2343,2.0130,0.5831,0.1452,-0.0261,22.0195,0,0,0,18.0483
-1.0966,-2.0452,-0.4083,0.5491,0.2030,22.9538,0,1,0,16.0930
-1.9190,-1.1905,-0.3616,-0.4334,-0.0845,9.1395,0,0,1,-1.5715
-0.4981,-1.8959,-0.4210,-0.3216,-0.0667,25.3727,0,0,0,17.0151
-0.5176,-1.6615,0.0677,0.4273,0.2286,21.2694,1,0,1,15.6864
1.4117,-2.2419,-0.3687,0.5201,0.2691,20.0698,0,0,0,18.3355
-1.1467,2.2035,-0.0895,-0.6602,-0.2797,5.3383,0,0,0,2.6066
2.6425,2.6422,0.4582,-0.6916,-0.3062,37.7600,0,0,0,38.0787
-2.6639,-3.4350,0.1562,-0.3787,-0.1221,10.2306,1,0,0,-5.0887
3.8822,2.9674,0.0208,-0.4487,-0.1295,27.0091,0,0,0,32.2607
-0.6694,-2.6280,0.5393,-0.6669,-0.1346,35.3991,0,0,0,20.3473
1.2124,-2.7240,0.0001,-0.1963,0.0230,12.3770,0,0,0,8.6801
3.5703,2.5401,0.0655,0.4629,0.0690,40.5359,0,0,0,37.8705
3.9664,-1.8655,0.4142,-0.1270,-0.1294,38.3077,0,0,0,37.6805
2.5978,3.0684,0.1024,-0.3339,-0.0707,36.2994,0,0,0,36.4500
0.0375,1.3681,-0.5378,-0.0995,0.0547,24.5867,0,0,0,17.5765
0.4091,1.0854,0.3819,-0.5707,-0.2841,17.7282,0,1,0,13.2790
-2.4898,0.3099,0.5524,0.3133,0.0736,7.0926,0,0,1,-3.6067
0.9501,-2.7561,-0.0224,0.5953,0.1415,17.3188,0,0,0,18.5098
-1.1828,-3.9799,0.1412,-0.4525,-0.2053,11.2324,1,0,0,-3.1096
0.5656,-1.7591,0.4471,-0.5054,-0.2028,39.0177,0,0,1,29.4907
-1.0170,-1.4093,-0.5775,0.3887,0.1349,17.5977,0,0,0,11.0655
-2.1599,3.1845,0.1547,0.3155,0.1749,7.6744,0,0,0,-4.2210
3.9282,1.9130,-0.4683,0.2859,0.1404,15.7994,0,0,0,15.0129
1.2945,3.0949,-0.2317,0.0972,-0.0107,40.5586,0,0,0,34.8210
-2.9326,-2.6216,0.0800,-0.0989,-0.0795,28.2298,0,0,0,16.3863
3.8191,3.4171,0.4435,0.6352,0.3029,25.6781,0,0,1,17.1054
-2.6596,2.4968,-0.1941,0.2177,0.0043,13.8594,0,1,0,2.2669
-2.3935,-3.3519,-0.4785,0.0346,-0.0587,36.0627,0,0,0,21.9343
1.4309,-2.9147,-0.5692,-0.3434,-0.1609,31.0816,1,0,0,20.9183
2.0517,1.3532,0.3170,-0.0392,0.0633,12.5063,0,0,0,11.2037
-2.8590,0.7341,0.2377,-0.0981,-0.0916,38.9395,0,0,0,27.9538
-0.3979,0.2691,0.4634,0.6795,0.2533,39.6929,0,1,0,31.1128
-1.4890,-2.0959,-0.1288,0.3040,0.0394,20.8647,0,0,0,15.6835
3.8839,-1.9104,-0.1301,-0.1598,-0.1419,6.5663,0,0,1,7.9631
3.0233,1.3793,0.0545,0.1142,0.0120,12.1453,0,0,0,15.1490
-0.1221,2.0034,0.0629,0.4686,0.2294,34.7207,0,0,0,27.3625
1.0341,-2.4267,0.2464,0.5030,0.0964,9.2003,0,0,0,9.1656
0.3275,-2.4745,-0.5492,0.6374,0.2418,25.6507,0,0,0,22.7194
1.4413,0.3043,0.2814,0.2343,0.0895,13.8539,0,0,0,12.8067
2.8948,-0.3466,-0.2031,-0.3565,-0.0593,30.2248,0,0,0,30.7206
-2.6781,-1.7381,0.4365,-0.1979,-0.0699,13.3766,0,0,0,1.7825
-2.3735,-0.8959,0.1490,-0.2967,-0.1716,6.4543,0,1,0,-1.3616
-0.1877,0.6812,0.5294,0.1775,0.1009,5.7100,0,0,0,1.3870
1.0343,-3.9476,-0.2024,-0.5502,-0.1064,18.3659,0,0,0,7.6963
0.6743,-3.1070,-0.2210,-0.3139,-0.1701,22.2561,0,1,1,12.6676
-1.5883,3.4334,-0.1631,0.1553,0.1240,22.5118,0,0,0,11.7817
-0.4766,3.2889,-0.0371,-0.2643,-0.0511,8.1522,1,0,0,3.7840
-0.4519,-3.3101,0.4408,-0.6929,-0.2737,16.0248,0,0,0,1.7229
-1.6970,2.5381,0.2557,-0.2253,-0.0332,29.5922,0,0,0,21.1683
-2.9287,-0.5019,0.2535,0.2694,0.1856,28.3240,0,1,0,17.3231
-0.2180,-1.4764,0.2227,-0.3162,-0.1257,9.3866,1,0,0,2.6556
-1.6592,1.4092,0.3707,-0.1053,-0.0785,25.6425,0,0,0,16.4819
0.0834,-1.3097,-0.2903,0.5418,0.2495,40.2168,0,0,1,34.7385
1.5331,-1.8830,-0.4841,-0.2628,-0.0235,38.0862,0,0,0,31.8159
1.0976,-1.7322,-0.0560,0.2816,0.0543,17.6930,0,0,0,17.0433
-0.0896,0.1003,-0.0940,0.0126,0.0395,7.3234,1,0,0,4.2959
2.1831,3.0948,-0.2277,0.0517,0.1002,40.2228,0,0,0,35.6542
-0.1193,2.0728,-0.3410,0.6584,0.2253,10.9665,0,0,0,2.2178
-0.9111,-3.2916,0.3294,0.1898,0.0293,10.1318,0,0,0,4.0330
2.6934,-1.3350,0.5571,-0.1176,0.0333,31.5437,0,0,0,28.4427
2.2812,-2.9462,0.2449,0.6708,0.1351,29.9531,0,0,1,30.4249
-1.7528,0.0029,-0.3718,-0.6872,-0.3006,29.7718,0,0,0,22.4461
-2.4123,3.9359,0.4315,0.4215,0.1691,7.9796,0,0,1,-8.7597
-1.7134,3.7327,0.3194,-0.3405,-0.0770,11.3341,0,0,0,4.6236
2.8683,-0.8676,0.0636,-0.5338,-0.1662,16.8931,0,0,0,17.8097
1.1033,-1.6122,0.2325,-0.6782,-0.2838,33.9740,0,0,0,28.1262
3.0329,-0.0249,-0.1759,-0.3379,-0.1514,13.0406,0,0,0,15.6066
-1.1281,-1.4646,-0.5510,0.0909,0.1192,31.3116,0,0,0,21.8506
3.5480,2.7173,0.1003,0.5286,0.1229,38.6427,0,0,0,35.6173
3.2619,-0.1482,-0.0909,0.2949,0.1624,17.9747,1,0,0,20.0311
1.0516,-2.3230,0.1885,-0.4436,-0.0646,15.2318,0,0,1,8.5673
-0.7353,0.2502,0.2460,-0.5934,-0.1101,5.8425,0,0,1,1.2751
3.5716,3.8683,0.5331,-0.2107,-0.1460,34.8656,0,0,0,33.1604
1.5801,-2.8437,0.5479,0.4291,0.1934,32.5804,0,0,0,30.0039
1.3939,-2.8487,0.2064,-0.1207,-0.0172,18.8050,0,0,0,15.0503
-0.0030,0.4977,-0.3294,-0.2308,-0.0902,27.6201,0,0,1,21.3243
-0.3640,3.4196,-0.1682,-0.0236,0.0759,11.8013,0,0,0,5.2444
2.8772,0.1030,0.0616,-0.4922,-0.1080,35.2058,0,0,0,37.6473
-2.9337,0.3568,0.1288,0.6935,0.1762,8.4995,0,0,0,0.1734
0.2231,2.9999,-0.1731,0.3605,0.1350,31.6094,0,0,0,22.4621
2.5201,3.0233,0.5857,-0.0548,0.0676,39.7799,1,1,0,32.2438
-1.0137,1.8792,0.0998,-0.3228,-0.1815,36.6151,0,0,0,31.1774
-1.1803,3.6264,0.0538,-0.3653,-0.0676,41.6552,0,0,0,34.4602
-2.9243,-3.0193,-0.5549,-0.3103,-0.0113,9.9993,0,0,1,-6.6599
-2.4315,2.7352,-0.4708,0.2743,0.1634,32.5706,0,1,0,17.1933
-0.3392,-0.6430,0.4478,0.2295,0.0176,36.7408,0,0,0,30.9024
2.3070,-2.2637,-0.0329,-0.1504,-0.0232,11.1245,0,0,0,10.1242
-1.0716,-2.6107,-0.2362,-0.6109,-0.1643,20.8862,0,0,0,8.4918
1.7095,-3.4336,-0.3673,0.5496,0.2406,27.4649,0,0,1,25.0352
2.5891,2.4593,-0.0154,-0.5715,-0.2012,37.8389,0,0,1,39.0292
-2.8022,3.8963,0.3642,0.1034,0.0235,12.8452,0,0,0,-0.2360
3.9277,-0.1260,-0.1834,0.1166,0.0001,31.1190,1,0,0,32.1850
3.3821,-1.4110,-0.3450,-0.5160,-0.2351,22.7870,0,0,0,22.2961
-2.6585,-2.9562,0.3599,0.3162,0.0202,31.0580,0,0,0,20.6756
0.3231,-0.4803,-0.0512,-0.2461,-0.1538,16.9396,0,0,0,15.5377
2.8875,2.3137,-0.5236,0.6903,0.2945,31.7763,0,0,0,25.6611
0.6398,3.2408,-0.3123,-0.6541,-0.1851,37.6493,0,0,0,35.6151
-0.0596,-0.7755,-0.4513,-0.5364,-0.1715,22.9268,0,0,0,17.0877
-2.9450,2.2606,-0.1005,0.3684,0.0374,14.8634,1,0,0,1.4341
3.3786,0.7618,-0.2715,-0.0171,-0.1031,26.6456,0,0,0,27.8437
1.4094,2.7114,-0.1579,-0.4422,-0.1775,21.6446,0,0,0,21.0653
2.8687,3.0894,0.2428,-0.0939,0.0592,33.0210,0,0,0,31.3199
2.5466,3.0193,0.1916,-0.4307,-0.1108,36.3435,0,0,1,34.5880
-1.0992,-0.4664,-0.2599,0.2342,0.0387,11.4191,0,0,0,6.8837
1.1600,-3.0397,-0.1261,0.2368,0.0838,5.9520,0,0,0,4.8342
-2.4347,1.7885,-0.0790,-0.4967,-0.1718,33.5951,0,0,0,26.3144
-0.8391,-3.7672,0.4135,-0.1393,-0.1446,20.0745,0,1,0,8.4402
-0.7374,-1.9458,-0.4799,-0.1596,0.0172,30.5487,0,0,0,21.2921
3.5233,-1.6919,-0.4693,0.4550,0.2454,25.8233,1,0,0,25.7195
3.9277,-2.0948,0.2972,0.4408,0.1134,26.4768,0,0,0,28.9298
-0.0441,2.8631,0.2296,0.3299,0.2063,36.3112,0,1,0,25.9731
-1.1100,-2.4904,-0.0140,0.4336,0.1777,5.7671,0,1,0,1.9330
-0.2760,-0.2833,0.4535,0.1659,0.1184,8.2327,0,0,1,2.5381
-0.2219,-0.0953,-0.1891,0.1115,-0.0105,7.8128,0,0,0,4.9451
3.4716,3.6754,0.4301,-0.2529,-0.1363,35.4369,0,0,0,34.0992
1.5149,-1.9530,0.0296,-0.4548,-0.1154,41.3921,0,1,0,35.8405
-0.7960,-1.2944,0.5494,0.6714,0.2232,34.7123,0,0,0,27.9574
-0.0388,0.3755,-0.4216,-0.1918,-0.0574,21.3297,0,0,0,15.9851
-0.6531,0.5697,-0.4797,0.4407,0.1853,10.3578,0,0,0,3.9178
-2.3418,0.1944,-0.0726,-0.6972,-0.1856,27.2796,1,0,0,18.9242
3.6828,2.7285,-0.1433,0.1809,0.1338,8.7259,0,0,0,9.2736
-0.5396,-0.6285,0.2584,0.6059,0.2188,33.2584,0,0,0,27.9786
2.7293,1.4324,-0.5424,-0.3323,-0.1240,39.1521,0,0,0,37.9844
-0.0032,1.8189,0.2162,0.5299,0.0947,23.7798,0,0,0,16.3524
-2.7636,2.4144,0.0486,0.1002,0.1237,30.5584,0,0,0,18.8880
-0.5614,2.8691,0.0654,0.1099,0.0706,15.4739,0,0,0,9.6461
3.9341,3.6846,0.1086,0.2303,0.1528,28.7164,0,0,0,26.0220
0.8709,2.1349,-0.3832,0.3739,0.0841,5.6335,0,0,0,0.6494
-2.3716,0.8064,0.2140,0.0320,0.0340,26.6401,0,0,0,18.4399
1.9079,-3.4182,-0.2356,-0.6880,-0.2275,7.7814,0,0,0,-0.5138
3.5189,3.7769,0.1441,-0.0996,-0.0358,27.0972,0,0,0,27.3775
-2.0402,-1.4667,0.3582,-0.1705,0.0131,19.8121,0,1,1,7.4586
0.1590,1.1175,0.1428,-0.5377,-0.2205,23.2500,0,0,0,20.5411
2.6378,-1.9000,0.3190,-0.6996,-0.1733,9.4710,0,0,1,4.2185
3.2404,-0.9170,0.3472,0.1035,0.0629,19.6097,0,0,0,20.4928
2.5367,-2.8510,0.3903,-0.1134,0.0339,16.0804,0,0,1,11.0299
-2.1720,0.0476,0.1044,-0.5329,-0.1188,38.2355,0,0,0,31.0435
-0.1363,-3.7382,-0.5520,-0.6742,-0.2559,7.5045,0,1,0,-7.1872
-1.5575,0.3026,-0.5671,-0.6669,-0.2530,30.1471,0,0,0,21.7867
2.3517,-0.1879,-0.4092,-0.6823,-0.1560,19.6504,0,0,0,19.7562
2.8356,-0.1925,-0.1139,-0.1423,0.0037,33.8130,0,0,1,34.4341
0.0884,-1.5353,-0.5739,-0.5087,-0.1163,27.0573,0,0,0,17.5281
0.0618,-2.3688,0.1990,0.6356,0.3188,40.4382,0,1,1,33.9518
-1.1276,-2.5563,-0.2285,0.3129,0.0336,32.7450,0,0,0,26.0630
0.9072,1.0431,-0.2064,-0.2373,-0.1580,22.3445,0,1,0,19.0319
3.3489,-2.1191,0.5431,0.0821,-0.0070,28.9307,0,0,0,28.0087
3.1917,-3.3906,0.2429,-0.6939,-0.2360,14.9083,0,0,1,6.6530
0.1338,2.7959,-0.2312,-0.5970,-0.1852,35.6667,0,0,0,32.6381
0.3448,2.8105,0.3885,0.3792,0.0542,6.2304,0,0,0,-1.6431
3.4400,1.4537,-0.3450,-0.1109,0.0130,23.3159,0,0,0,24.9434
0.2057,-2.7479,-0.5928,-0.5252,-0.1066,7.1848,0,0,0,-3.0393
2.2770,-0.2012,0.1466,0.5477,0.1632,6.2620,0,0,0,9.0267
-2.7701,-2.0199,0.4755,0.0363,-0.0555,34.1071,0,0,0,20.9123
3.1533,0.4178,0.0470,0.6503,0.1411,17.2100,0,0,0,19.3954
-2.2676,-1.2085,0.3731,0.5426,0.2372,21.9154,1,0,1,11.5480
-1.3931,3.9717,-0.0877,-0.2883,-0.0346,12.9973,0,0,0,6.6950
-0.0564,-3.6705,0.0775,0.4249,0.1758,12.6622,0,0,0,10.0452
-1.6847,0.4287,-0.5442,0.4854,0.1494,30.9888,0,1,0,20.4829
1.9448,-1.4744,0.3877,0.1237,0.1247,38.5379,0,0,0,36.0163
-2.5729,-1.0780,0.2793,0.3712,0.1558,7.4108,0,1,0,-0.7587
0.5663,-0.7843,-0.0031,-0.6615,-0.2239,30.6872,0,0,0,26.5614
2.4170,-1.9869,0.2289,-0.3466,-0.1386,8.9830,0,0,0,7.8080
-2.4659,1.5244,0.0295,0.6537,0.3238,36.2607,0,0,0,24.4104
3.2971,-0.5667,0.3078,-0.3439,-0.1795,16.5689,0,0,1,16.5096
3.5283,0.3612,-0.1818,0.6796,0.1545,35.7561,0,0,0,37.2089
2.9172,2.4645,-0.4668,-0.0010,-0.0086,36.1189,0,0,1,32.0195
2.9861,1.3489,-0.1644,0.0877,-0.0197,18.0984,0,0,1,17.3460
-0.9940,-0.6193,0.5113,0.2315,0.1451,25.1841,0,0,0,17.4404
-1.9631,-1.2760,0.5156,0.2694,0.0920,8.4780,0,0,0,0.4101
-0.0105,-1.6985,0.2916,-0.2314,-0.1058,15.0321,0,0,0,9.6308
-0.8001,-2.0946,-0.0815,-0.3603,-0.1785,21.0634,0,0,0,14.0177
0.3381,-1.2945,0.1761,0.5417,0.2031,24.5568,0,0,1,20.5538
-2.8143,-2.0974,0.1688,0.2282,0.1163,42.9580,0,0,0,32.3745
-0.5567,0.4496,0.3622,-0.4964,-0.1035,39.5780,0,0,0,32.5834
-1.5332,2.9804,0.0939,0.5155,0.2621,8.3780,0,0,0,-2.0033
0.6757,0.0920,0.2542,0.1133,0.0820,7.9051,0,0,0,6.4201
2.2020,-1.6751,-0.4126,-0.5281,-0.1692,39.9853,0,0,1,33.2602
1.2436,-3.5854,-0.3404,-0.6887,-0.1517,10.8516,0,0,0,0.4581
-0.4945,2.5881,0.3888,-0.1005,-0.1289,36.8265,0,0,0,28.8744
-0.8132,-2.8854,-0.4483,-0.3990,-0.1751,39.9196,0,0,0,27.4156
0.8675,-2.8824,0.3846,-0.5461,-0.2401,22.9845,0,0,0,13.5443
-0.0817,2.6012,-0.5826,0.6546,0.3054,39.9461,0,0,1,25.2452
-2.4658,-1.4761,-0.5188,-0.3350,-0.1482,22.7423,0,1,0,8.7060
0.0630,-2.3677,-0.0208,0.3736,0.0389,13.2926,1,0,0,10.2285
0.7968,-2.8757,0.1043,0.5261,0.1557,23.5153,0,0,0,22.7547
0.1663,3.9082,-0.1633,0.0684,0.1062,14.0065,1,0,0,6.1257
0.8351,-1.6499,-0.5777,0.1483,-0.0240,13.0887,0,0,0,9.1120
3.4162,2.0205,0.0656,0.0472,-0.0438,40.5596,0,0,0,41.1913
-0.6053,2.1326,0.2013,-0.3051,-0.0916,22.0638,0,0,0,17.7028
-1.9768,-0.4539,0.5389,-0.1609,-0.1543,14.4481,0,0,0,5.2583
-1.9870,3.0170,-0.3219,0.2387,0.0809,31.5912,0,0,0,19.2699
0.5593,3.0412,0.1884,0.5701,0.1887,34.6896,0,0,1,23.2584
-0.3910,-0.7299,-0.1293,-0.5271,-0.1811,22.9868,0,0,0,18.6617
2.6967,1.9802,-0.0763,0.3606,0.1688,22.6689,0,0,0,21.9609
-2.8937,-3.9201,0.1001,0.5317,0.1451,15.1090,0,1,0,7.2473
1.3583,-0.9162,0.5409,-0.5821,-0.1492,32.9665,0,0,0,26.4620
3.2742,-1.8857,-0.2323,-0.1394,-0.1164,33.9159,0,0,0,33.7671
-1.2744,1.0305,0.5292,-0.4839,-0.1382,18.7835,0,0,0,11.4767
1.8098,2.0922,-0.3234,-0.2869,-0.1350,21.2768,0,0,0,20.7944
3.8606,-0.5881,0.4123,0.3952,0.2342,33.5344,0,0,0,35.2921
2.7561,3.0943,0.4173,0.6413,0.3209,42.7644,0,0,0,33.4897
3.3744,3.7794,-0.2642,0.5637,0.1625,10.1220,1,1,1,0.9038
3.7493,-3.2677,0.4971,-0.3961,-0.2385,36.1613,0,0,0,30.9817
1.6140,1.1391,0.3534,-0.2880,-0.1151,35.4120,0,0,0,32.6319
3.8870,-3.9973,0.5088,0.1057,-0.0497,5.2910,0,0,0,5.9804
2.0197,1.5378,-0.4683,0.6783,0.2514,32.7690,0,0,0,26.2379
-1.5397,-1.7138,0.1460,0.0323,0.0614,15.1931,0,0,0,8.6189
-1.4527,2.0909,0.2382,0.3356,0.1674,41.6262,0,0,0,31.0575
1.7139,2.7539,0.2431,-0.2381,-0.1457,41.7431,0,0,0,38.8913
2.7944,-1.7359,-0.2216,-0.4890,-0.2462,31.5272,0,0,0,29.2360
2.8080,-2.7117,-0.0397,0.6025,0.2356,41.3182,0,0,0,43.9367
0.9425,1.0706,-0.0238,0.6493,0.2250,18.8463,0,0,0,16.5000
2.1494,-1.0564,-0.2865,0.3867,0.1750,40.6455,0,0,0,38.6445
1.0964,2.1329,0.0165,-0.2067,-0.1396,24.4706,0,0,0,22.6710
3.8123,-2.6993,0.0902,-0.5345,-0.2601,12.3698,0,0,0,11.6863
-2.1960,-3.3050,-0.5209,-0.6421,-0.3122,22.5472,0,0,0,5.2338
0.5683,-0.4320,0.3062,-0.4434,-0.2510,35.2710,0,0,0,31.4623
3.9091,2.4882,0.1027,-0.5562,-0.1326,26.7755,0,0,0,31.6445
-2.0538,-3.2448,0.4629,0.4962,0.2610,23.9364,0,0,0,16.1648
1.2881,1.4935,0.0479,-0.6714,-0.1905,25.0328,0,0,1,24.2661
-2.4829,1.4009,0.0617,0.2600,0.1457,16.5460,0,0,0,7.9513
1.6828,2.0545,-0.5411,0.3195,0.1219,20.7834,0,0,0,15.1039
-2.3287,1.1814,0.4056,-0.5623,-0.2240,16.4126,0,0,0,8.4225
-1.8406,-0.7926,-0.5452,-0.2750,-0.1102,22.4820,0,0,1,11.6164
3.9793,1.9001,-0.3102,0.4203,0.0537,37.5192,0,0,0,35.5038
3.7683,0.0532,-0.4257,0.1047,-0.0149,21.1957,0,0,0,23.6139
-2.7711,3.4891,0.0996,0.6267,0.1841,15.1858,0,0,0,-1.3560
3.1065,-1.1180,0.3838,0.1593,0.0608,18.6190,0,1,1,17.2286
1.6390,-0.3241,-0.4857,-0.5978,-0.2460,30.0412,0,0,1,24.7589
1.3604,-3.2802,0.4537,0.1509,0.0729,7.3146,0,0,0,4.4597
-1.9879,3.1368,0.0164,-0.1689,-0.0721,28.0524,0,0,1,19.2663
-2.8600,2.3949,-0.1350,0.4395,0.2159,26.7821,0,0,0,13.7846
-2.9134,-2.0773,0.2209,-0.2884,-0.1074,34.7301,0,0,1,20.3027
-1.5728,-3.1008,0.0738,-0.2790,-0.1250,34.2834,0,0,0,23.1156
3.8052,1.7936,-0.0941,-0.4512,-0.0611,36.2951,0,1,0,37.7885
-1.4598,1.1559,0.1950,0.4359,0.2030,39.3613,0,0,0,30.1781
-2.1286,-0.2017,0.0214,0.1185,0.0774,39.4890,0,1,0,30.3689
1.3916,-2.9999,0.4462,0.5902,0.2451,15.9504,0,0,0,15.6820
-2.4408,-0.6559,-0.1025,0.6814,0.1874,26.2571,0,0,0,19.4340
0.9380,1.8094,0.3649,0.6800,0.2550,23.9007,0,0,0,15.8671
1.0997,0.9259,0.1363,0.3607,0.1061,8.6105,0,0,1,5.9062
-2.4016,1.6136,0.4916,-0.3251,-0.0993,31.8459,1,0,0,19.3023
0.2039,-0.0982,0.0461,0.6880,0.2362,39.2459,0,0,0,35.7633
-2.4271,3.8547,-0.5899,-0.3730,-0.2189,22.6376,0,0,0,11.5685
2.5074,1.6720,0.1579,-0.5823,-0.2291,37.7130,0,0,0,39.3651
0.0606,1.4012,-0.0038,-0.1716,-0.0363,8.7218,1,0,0,5.5434
2.4183,3.0917,-0.1145,0.5924,0.1838,8.9388,0,0,0,3.4665
3.3143,-0.7748,0.5329,-0.4333,-0.1849,33.4507,0,0,0,32.0715
-2.4069,2.2776,-0.0323,-0.0594,0.0309,20.4541,0,0,0,12.8473
-0.2920,-2.5420,-0.1481,-0.5757,-0.2264,39.2116,0,0,0,27.9842
-1.8267,-2.8772,-0.2078,-0.2735,-0.0004,6.2946,0,0,1,-4.5052
-1.3072,0.9833,-0.5947,0.2297,0.0631,42.5952,0,0,0,32.4042
1.3307,-3.5019,-0.5265,-0.3514,-0.0787,32.3521,1,0,0,20.4884
0.1098,-2.8189,0.3033,-0.2132,-0.0849,40.8866,0,0,0,31.8090
1.7291,-2.5710,0.1047,0.3428,0.1637,34.0297,0,0,0,32.8966
0.4084,-1.1400,0.0522,0.3163,0.1410,9.0033,1,1,0,5.2272
-2.9473,3.0067,-0.0104,0.1546,0.0393,8.5793,0,0,0,-1.9463
0.7204,-2.0401,-0.0407,-0.0828,-0.0690,21.7218,0,0,0,19.1193
0.7938,-1.4882,-0.3839,-0.0997,0.0544,8.2968,0,1,0,3.4150
3.0572,-0.9598,0.1024,-0.3865,-0.0920,35.3906,0,0,0,35.7008
3.2565,0.1689,-0.0033,-0.4117,-0.0732,14.1934,0,0,0,18.4190
1.4122,2.1011,0.0569,0.1756,0.1044,31.3551,0,1,0,26.4930
0.4305,2.7464,0.5524,0.5207,0.2030,10.7560,0,0,0,0.9036
2.2695,-0.0141,0.5968,0.5684,0.1117,5.7929,0,0,0,6.1646
-1.6326,0.0116,0.1213,-0.0208,0.0353,8.9019,0,0,0,3.7478
-2.2719,0.9977,-0.2246,0.6721,0.1621,6.9181,0,0,0,-1.4541
1.0760,1.1941,-0.1459,0.5955,0.2001,10.0189,0,0,0,7.5690
3.1379,1.7726,-0.0139,0.6432,0.1539,42.5675,0,0,0,40.0428
-0.7679,1.5979,0.2798,0.2817,0.0779,9.8665,0,1,0,1.2994
0.2204,-2.4690,-0.1534,0.5193,0.1062,25.7509,0,0,1,22.3579
-0.6383,-2.4703,-0.1220,0.4409,0.0835,19.5330,0,0,0,15.4190
2.6579,-3.3151,-0.0402,-0.5589,-0.2187,38.5365,0,0,0,31.6319
3.6269,1.9844,0.4436,0.0674,-0.0296,31.0480,0,0,0,30.0828
3.0589,0.5316,-0.0617,0.1090,-0.0291,9.8512,0,0,0,12.6974
3.9423,2.6556,-0.3830,0.1764,0.0028,19.2290,0,0,0,18.0267
1.4098,-0.4328,-0.4239,0.2746,0.1230,27.3947,0,0,0,24.9439
-2.7689,0.1505,0.0195,-0.3656,-0.1719,14.1891,0,0,0,7.5304
1.0680,3.9828,-0.4535,0.0211,-0.0249,9.3603,0,0,0,3.8060
3.7242,-3.3754,-0.4429,0.1365,0.1413,20.9469,0,0,0,20.8291
2.6431,-0.3903,-0.1951,-0.5679,-0.1026,22.9719,0,0,0,24.5009
2.1619,2.6898,-0.1987,-0.3781,-0.1006,29.0206,0,0,0,28.9117
-2.8454,-3.3776,0.0086,0.3098,0.1085,41.2880,0,0,0,32.1846
